Date,High,Low,Close
1660002240.0,23941.07000000,23932.39000000,23939.80000000
1660002300.0,23958.77000000,23929.69000000,23958.77000000
1660002360.0,23961.90000000,23929.05000000,23936.61000000
1660002420.0,23930.92000000,23913.03000000,23920.76000000
1660002480.0,23942.83000000,23919.01000000,23942.83000000
1660002540.0,23932.71000000,23932.71000000,23932.71000000
1660002600.0,23946.11000000,23936.23000000,23944.81000000
1660002660.0,23948.42000000,23935.94000000,23948.42000000
1660002720.0,23951.19000000,23942.12000000,23942.12000000
1660002780.0,23946.75000000,23938.79000000,23942.92000000
1660002840.0,23961.34000000,23943.69000000,23953.86000000
1660002900.0,23957.27000000,23944.38000000,23951.97000000
1660002960.0,23940.49000000,23926.93000000,23934.65000000
1660003020.0,23917.27000000,23908.38000000,23915.73000000
1660003080.0,23927.87000000,23917.47000000,23924.44000000
1660003140.0,23944.92000000,23915.71000000,23940.55000000
1660003200.0,23943.53000000,23920.42000000,23921.13000000
1660003260.0,23933.95000000,23925.79000000,23929.11000000
1660003320.0,23930.53000000,23908.38000000,23912.66000000
1660003380.0,23928.10000000,23908.26000000,23918.60000000
1660003440.0,23928.60000000,23923.84000000,23924.78000000
1660003500.0,23932.81000000,23928.75000000,23928.80000000
1660003560.0,23950.38000000,23939.34000000,23947.54000000
1660003620.0,23980.37000000,23953.41000000,23979.63000000
1660003680.0,23976.66000000,23968.27000000,23968.27000000
1660003740.0,23985.58000000,23973.39000000,23981.61000000
1660003800.0,23985.99000000,23974.49000000,23980.00000000
1660003860.0,23972.83000000,23958.42000000,23958.42000000
1660003920.0,23969.84000000,23952.49000000,23969.18000000
1660003980.0,23975.11000000,23961.68000000,23975.11000000
1660004040.0,23976.39000000,23969.48000000,23969.79000000
1660004100.0,23983.72000000,23958.96000000,23983.36000000
1660004160.0,23989.90000000,23976.27000000,23989.90000000
1660004220.0,23991.80000000,23983.41000000,23990.93000000
1660004280.0,23994.67000000,23984.47000000,23990.41000000
1660004340.0,23986.40000000,23972.03000000,23975.86000000
1660004400.0,23969.21000000,23943.68000000,23943.68000000
1660004460.0,23965.89000000,23936.20000000,23936.20000000
1660004520.0,23937.25000000,23929.43000000,23929.43000000
1660004580.0,23941.18000000,23927.32000000,23933.39000000
1660004640.0,23944.14000000,23939.74000000,23943.86000000
1660004700.0,23954.51000000,23943.64000000,23943.64000000
1660004760.0,23946.01000000,23932.56000000,23944.50000000
1660004820.0,23950.49000000,23944.65000000,23946.20000000
1660004880.0,23951.67000000,23937.15000000,23942.06000000
1660004940.0,23946.34000000,23926.61000000,23926.61000000
1660005000.0,23940.65000000,23920.84000000,23940.45000000
1660005060.0,23947.04000000,23933.06000000,23935.81000000
1660005120.0,23943.96000000,23934.34000000,23940.76000000
1660005180.0,23963.68000000,23938.61000000,23957.41000000
1660005240.0,23960.89000000,23947.74000000,23950.79000000
1660005300.0,23956.98000000,23950.95000000,23951.94000000
1660005360.0,23952.73000000,23935.85000000,23935.85000000
1660005420.0,23951.00000000,23937.58000000,23940.91000000
1660005480.0,23946.31000000,23934.45000000,23940.41000000
1660005540.0,23942.26000000,23932.68000000,23942.26000000
1660005600.0,23946.87000000,23938.21000000,23940.54000000
1660005660.0,23935.22000000,23917.89000000,23935.22000000
1660005720.0,23936.32000000,23927.21000000,23931.86000000
1660005780.0,23934.45000000,23927.84000000,23934.18000000
1660005840.0,23938.70000000,23929.17000000,23933.55000000
1660005900.0,23954.27000000,23934.92000000,23954.27000000
1660005960.0,23970.99000000,23943.21000000,23967.72000000
1660006020.0,23967.70000000,23950.33000000,23950.33000000
1660006080.0,23951.44000000,23933.57000000,23933.57000000
1660006140.0,23932.72000000,23928.41000000,23928.41000000
1660006200.0,23933.94000000,23929.25000000,23929.85000000
1660006260.0,23950.33000000,23927.93000000,23949.33000000
1660006320.0,23955.33000000,23941.14000000,23952.26000000
1660006380.0,23961.96000000,23954.04000000,23959.67000000
1660006440.0,23975.09000000,23966.03000000,23970.12000000
1660006500.0,23975.00000000,23965.20000000,23965.20000000
1660006560.0,23968.77000000,23958.48000000,23968.77000000
1660006620.0,23971.25000000,23966.53000000,23971.25000000
1660006680.0,23968.12000000,23960.77000000,23960.77000000
1660006740.0,23967.82000000,23959.74000000,23967.82000000
1660006800.0,23957.06000000,23949.92000000,23957.06000000
1660006860.0,23965.85000000,23945.91000000,23945.91000000
1660006920.0,23951.48000000,23949.95000000,23951.48000000
1660006980.0,23950.53000000,23929.82000000,23929.82000000
1660007040.0,23930.09000000,23915.56000000,23923.51000000
1660007100.0,23921.92000000,23882.28000000,23897.62000000
1660007160.0,23926.21000000,23892.71000000,23926.21000000
1660007220.0,23935.43000000,23923.02000000,23923.02000000
1660007280.0,23921.87000000,23904.28000000,23904.28000000
1660007340.0,23910.09000000,23897.59000000,23900.61000000
1660007400.0,23900.88000000,23899.27000000,23900.40000000
1660007460.0,23902.24000000,23896.53000000,23902.24000000
1660007520.0,23899.82000000,23882.28000000,23883.90000000
1660007580.0,23902.37000000,23888.66000000,23892.51000000
1660007640.0,23920.24000000,23892.30000000,23906.98000000
1660007700.0,23923.28000000,23914.12000000,23917.04000000
1660007760.0,23917.43000000,23901.28000000,23904.92000000
1660007820.0,23913.46000000,23887.40000000,23887.40000000
1660007880.0,23915.60000000,23887.40000000,23907.49000000
1660007940.0,23929.82000000,23909.74000000,23929.82000000
1660008000.0,23941.42000000,23931.16000000,23931.16000000
1660008060.0,23935.00000000,23929.32000000,23932.65000000
1660008120.0,23936.34000000,23927.53000000,23927.53000000
1660008180.0,23932.26000000,23922.69000000,23926.75000000
1660008240.0,23927.10000000,23913.85000000,23919.03000000
1660008300.0,23925.50000000,23908.33000000,23908.33000000
1660008360.0,23920.08000000,23908.42000000,23913.10000000
1660008420.0,23930.31000000,23911.87000000,23927.30000000
1660008480.0,23950.00000000,23933.24000000,23941.92000000
1660008540.0,23949.47000000,23933.13000000,23949.47000000
1660008600.0,23949.99000000,23934.94000000,23948.90000000
1660008660.0,23963.46000000,23943.54000000,23950.29000000
1660008720.0,23957.21000000,23947.10000000,23957.21000000
1660008780.0,23974.39000000,23966.85000000,23974.39000000
1660008840.0,23977.28000000,23967.66000000,23967.66000000
1660008900.0,23960.36000000,23942.06000000,23942.06000000
1660008960.0,23954.25000000,23942.73000000,23949.32000000
1660009020.0,23958.86000000,23950.71000000,23957.64000000
1660009080.0,23976.96000000,23957.61000000,23973.63000000
1660009140.0,23972.97000000,23958.95000000,23968.84000000
1660009200.0,23976.67000000,23967.57000000,23975.36000000
1660009260.0,23979.00000000,23968.47000000,23976.06000000
1660009320.0,23973.27000000,23969.81000000,23969.81000000
1660009380.0,23966.71000000,23948.11000000,23948.11000000
1660009440.0,23961.01000000,23953.16000000,23961.01000000
1660009500.0,23965.81000000,23927.50000000,23937.09000000
1660009560.0,23960.88000000,23942.80000000,23959.76000000
1660009620.0,23964.37000000,23955.38000000,23955.98000000
1660009680.0,23954.79000000,23939.50000000,23939.81000000
1660009740.0,23955.50000000,23941.20000000,23941.20000000
1660009800.0,23941.68000000,23931.14000000,23940.74000000
1660009860.0,23933.24000000,23927.57000000,23930.50000000
1660009920.0,23928.39000000,23913.78000000,23922.54000000
1660009980.0,23917.36000000,23909.97000000,23917.36000000
1660010040.0,23919.89000000,23908.00000000,23908.00000000
1660010100.0,23922.10000000,23908.00000000,23915.73000000
1660010160.0,23924.36000000,23912.98000000,23912.98000000
1660010220.0,23924.18000000,23909.42000000,23922.26000000
1660010280.0,23936.38000000,23917.98000000,23936.07000000
1660010340.0,23927.67000000,23914.98000000,23921.04000000
1660010400.0,23928.83000000,23919.21000000,23921.48000000
1660010460.0,23922.33000000,23910.00000000,23919.63000000
1660010520.0,23926.69000000,23911.49000000,23920.29000000
1660010580.0,23933.30000000,23920.90000000,23929.57000000
1660010640.0,23932.71000000,23921.70000000,23921.70000000
1660010700.0,23936.32000000,23921.15000000,23930.48000000
1660010760.0,23927.87000000,23916.69000000,23916.69000000
1660010820.0,23927.00000000,23914.03000000,23922.11000000
1660010880.0,23924.69000000,23918.18000000,23923.48000000
1660010940.0,23920.00000000,23907.96000000,23915.03000000
1660011000.0,23916.14000000,23907.39000000,23912.34000000
1660011060.0,23900.00000000,23886.23000000,23900.00000000
1660011120.0,23900.00000000,23893.21000000,23895.56000000
1660011180.0,23898.99000000,23893.70000000,23895.99000000
1660011240.0,23901.29000000,23893.38000000,23896.47000000
1660011300.0,23896.00000000,23885.67000000,23888.32000000
1660011360.0,23882.28000000,23826.59000000,23849.08000000
1660011420.0,23849.32000000,23819.00000000,23831.76000000
1660011480.0,23837.57000000,23796.63000000,23806.60000000
1660011540.0,23825.78000000,23810.44000000,23813.57000000
1660011600.0,23843.79000000,23824.27000000,23824.27000000
1660011660.0,23820.27000000,23803.39000000,23816.08000000
1660011720.0,23820.40000000,23812.01000000,23812.01000000
1660011780.0,23846.64000000,23827.28000000,23838.54000000
1660011840.0,23849.05000000,23838.87000000,23849.05000000
1660011900.0,23861.58000000,23845.67000000,23861.58000000
1660011960.0,23904.75000000,23855.76000000,23895.87000000
1660012020.0,23895.87000000,23895.87000000,23895.87000000
1660012080.0,23929.94000000,23895.76000000,23929.94000000
1660012140.0,23940.91000000,23919.57000000,23934.89000000
1660012200.0,23933.38000000,23905.57000000,23905.57000000
1660012260.0,23930.41000000,23902.99000000,23906.23000000
1660012320.0,23902.04000000,23887.72000000,23902.04000000
1660012380.0,23919.04000000,23896.56000000,23913.48000000
1660012440.0,23923.43000000,23912.24000000,23917.15000000
1660012500.0,23926.16000000,23916.39000000,23926.16000000
1660012560.0,23935.38000000,23913.66000000,23931.69000000
1660012620.0,23950.13000000,23934.43000000,23939.04000000
1660012680.0,23943.64000000,23930.23000000,23930.23000000
1660012740.0,23940.24000000,23928.19000000,23940.24000000
1660012800.0,23948.56000000,23927.12000000,23927.13000000
1660012860.0,23941.35000000,23930.90000000,23941.35000000
1660012920.0,23941.58000000,23933.82000000,23933.82000000
1660012980.0,23954.34000000,23935.74000000,23935.74000000
1660013040.0,23935.74000000,23935.74000000,23935.74000000
1660013100.0,23954.83000000,23944.68000000,23944.68000000
1660013160.0,23948.08000000,23926.51000000,23944.40000000
1660013220.0,23941.17000000,23928.48000000,23928.48000000
1660013280.0,23941.21000000,23930.44000000,23941.21000000
1660013340.0,23932.78000000,23913.25000000,23913.25000000
1660013400.0,23931.60000000,23913.06000000,23931.21000000
1660013460.0,23933.81000000,23923.19000000,23923.19000000
1660013520.0,23929.22000000,23899.06000000,23910.00000000
1660013580.0,23905.84000000,23890.42000000,23905.84000000
1660013640.0,23908.95000000,23896.80000000,23905.09000000
1660013700.0,23905.09000000,23897.74000000,23900.09000000
1660013760.0,23901.39000000,23893.22000000,23901.39000000
1660013820.0,23903.04000000,23891.67000000,23891.67000000
1660013880.0,23919.12000000,23901.76000000,23913.04000000
1660013940.0,23933.69000000,23914.80000000,23925.93000000
1660014000.0,23929.12000000,23915.32000000,23929.12000000
1660014060.0,23930.32000000,23927.64000000,23927.78000000
1660014120.0,23928.14000000,23910.60000000,23910.60000000
1660014180.0,23928.25000000,23912.42000000,23928.25000000
1660014240.0,23934.78000000,23927.21000000,23934.78000000
1660014300.0,23932.64000000,23922.87000000,23922.87000000
1660014360.0,23932.42000000,23922.51000000,23932.42000000
1660014420.0,23936.84000000,23933.47000000,23935.08000000
1660014480.0,23937.79000000,23926.91000000,23926.91000000
1660014540.0,23924.65000000,23902.90000000,23921.65000000
1660014600.0,23920.54000000,23911.68000000,23920.54000000
1660014660.0,23922.34000000,23918.08000000,23920.76000000
1660014720.0,23931.04000000,23930.87000000,23930.87000000
1660014780.0,23923.69000000,23920.00000000,23923.52000000
1660014840.0,23921.51000000,23918.08000000,23918.08000000
1660014900.0,23928.34000000,23918.25000000,23927.55000000
1660014960.0,23930.02000000,23929.47000000,23930.02000000
1660015020.0,23937.28000000,23933.25000000,23933.25000000
1660015080.0,23934.05000000,23934.05000000,23934.05000000
1660015140.0,23934.85000000,23928.98000000,23928.98000000
1660015200.0,23935.41000000,23927.71000000,23935.41000000
1660015260.0,23943.47000000,23941.10000000,23943.47000000
1660015320.0,23939.34000000,23926.37000000,23932.15000000
1660015380.0,23935.37000000,23930.41000000,23930.41000000
1660015440.0,23950.37000000,23937.03000000,23945.82000000
1660015500.0,23943.98000000,23943.98000000,23943.98000000
1660015560.0,23952.94000000,23946.59000000,23952.94000000
1660015620.0,23954.71000000,23944.01000000,23944.01000000
1660015680.0,23957.53000000,23957.53000000,23957.53000000
1660015740.0,23964.23000000,23954.47000000,23954.47000000
1660015800.0,23968.74000000,23963.18000000,23968.74000000
1660015860.0,23969.04000000,23955.50000000,23955.50000000
1660015920.0,23952.14000000,23945.30000000,23952.14000000
1660015980.0,23952.14000000,23952.14000000,23952.14000000
1660016040.0,23946.64000000,23944.01000000,23944.01000000
1660016100.0,23953.09000000,23946.87000000,23953.09000000
1660016160.0,23975.00000000,23966.56000000,23974.98000000
1660016220.0,23967.65000000,23962.21000000,23965.20000000
1660016280.0,23967.27000000,23962.92000000,23962.92000000
1660016340.0,23963.76000000,23962.46000000,23962.92000000
1660016400.0,23962.07000000,23962.07000000,23962.07000000
1660016460.0,23963.85000000,23963.12000000,23963.85000000
1660016520.0,23971.34000000,23962.92000000,23971.34000000
1660016580.0,23966.99000000,23958.16000000,23958.16000000
1660016640.0,23959.10000000,23958.60000000,23958.60000000
1660016700.0,23955.84000000,23943.33000000,23943.33000000
1660016760.0,23962.55000000,23950.91000000,23958.00000000
1660016820.0,23974.40000000,23966.61000000,23974.40000000
1660016880.0,23968.16000000,23962.16000000,23962.16000000
1660016940.0,23975.00000000,23963.70000000,23975.00000000
1660017000.0,23984.73000000,23967.93000000,23984.43000000
1660017060.0,24008.01000000,23989.95000000,23996.62000000
1660017120.0,24036.27000000,23996.58000000,24036.27000000
1660017180.0,24073.91000000,24024.98000000,24064.43000000
1660017240.0,24067.49000000,24061.43000000,24067.49000000
1660017300.0,24047.19000000,24037.36000000,24046.19000000
1660017360.0,24075.94000000,24053.83000000,24075.94000000
1660017420.0,24105.36000000,24068.73000000,24105.36000000
1660017480.0,24094.38000000,24072.80000000,24072.80000000
1660017540.0,24081.01000000,24062.11000000,24081.01000000
1660017600.0,24067.66000000,24034.50000000,24040.83000000
1660017660.0,24052.87000000,24052.87000000,24052.87000000
1660017720.0,24047.54000000,24040.90000000,24047.54000000
1660017780.0,24029.26000000,24005.71000000,24005.71000000
1660017840.0,24007.22000000,23997.20000000,24007.22000000
1660017900.0,24018.67000000,24018.67000000,24018.67000000
1660017960.0,24028.03000000,24006.65000000,24006.65000000
1660018020.0,23987.00000000,23948.72000000,23948.84000000
1660018080.0,23947.36000000,23911.72000000,23926.35000000
1660018140.0,23921.41000000,23907.18000000,23913.48000000
1660018200.0,23915.89000000,23902.86000000,23910.26000000
1660018260.0,23907.90000000,23827.71000000,23853.89000000
1660018320.0,23877.44000000,23820.05000000,23820.05000000
1660018380.0,23857.72000000,23836.83000000,23845.87000000
1660018440.0,23870.43000000,23850.00000000,23860.78000000
1660018500.0,23850.00000000,23812.00000000,23819.23000000
1660018560.0,23817.35000000,23788.07000000,23813.81000000
1660018620.0,23816.69000000,23767.51000000,23780.08000000
1660018680.0,23805.84000000,23779.99000000,23805.84000000
1660018740.0,23811.84000000,23799.71000000,23799.71000000
1660018800.0,23830.17000000,23800.93000000,23828.75000000
1660018860.0,23827.66000000,23809.82000000,23809.82000000
1660018920.0,23828.85000000,23822.21000000,23828.85000000
1660018980.0,23852.95000000,23827.05000000,23830.74000000
1660019040.0,23842.98000000,23840.02000000,23840.35000000
1660019100.0,23841.02000000,23823.78000000,23829.10000000
1660019160.0,23844.20000000,23838.18000000,23842.22000000
1660019220.0,23859.61000000,23847.37000000,23859.61000000
1660019280.0,23862.99000000,23848.94000000,23848.94000000
1660019340.0,23842.00000000,23836.30000000,23842.00000000
1660019400.0,23842.00000000,23842.00000000,23842.00000000
1660019460.0,23828.84000000,23820.96000000,23828.84000000
1660019520.0,23823.36000000,23813.17000000,23813.17000000
1660019580.0,23797.77000000,23797.77000000,23797.77000000
1660019640.0,23797.77000000,23793.02000000,23797.77000000
1660019700.0,23819.79000000,23788.92000000,23788.92000000
1660019760.0,23806.44000000,23806.44000000,23806.44000000
1660019820.0,23817.19000000,23807.63000000,23817.19000000
1660019880.0,23822.63000000,23817.77000000,23817.77000000
1660019940.0,23825.21000000,23822.80000000,23822.80000000
1660020000.0,23830.49000000,23826.40000000,23830.49000000
1660020060.0,23830.49000000,23830.49000000,23830.49000000
1660020120.0,23841.62000000,23841.62000000,23841.62000000
1660020180.0,23841.62000000,23841.62000000,23841.62000000
1660020240.0,23842.97000000,23842.97000000,23842.97000000
1660020300.0,23849.59000000,23849.59000000,23849.59000000
1660020360.0,23849.59000000,23849.59000000,23849.59000000
1660020420.0,23838.91000000,23838.91000000,23838.91000000
1660020480.0,23832.67000000,23832.67000000,23832.67000000
1660020540.0,23832.67000000,23832.67000000,23832.67000000
1660020600.0,23827.48000000,23822.67000000,23822.67000000
1660020660.0,23822.67000000,23822.67000000,23822.67000000
1660020720.0,23831.58000000,23831.58000000,23831.58000000
1660020780.0,23836.50000000,23832.77000000,23836.50000000
1660020840.0,23833.53000000,23833.53000000,23833.53000000
1660020900.0,23837.08000000,23831.12000000,23832.55000000
1660020960.0,23834.71000000,23834.71000000,23834.71000000
1660021020.0,23827.48000000,23827.07000000,23827.07000000
1660021080.0,23840.00000000,23813.85000000,23840.00000000
1660021140.0,23856.19000000,23845.74000000,23849.35000000
1660021200.0,23850.33000000,23831.34000000,23831.34000000
1660021260.0,23851.14000000,23836.86000000,23838.19000000
1660021320.0,23850.45000000,23838.91000000,23850.45000000
1660021380.0,23842.13000000,23823.82000000,23834.83000000
1660021440.0,23830.98000000,23816.12000000,23821.69000000
1660021500.0,23808.79000000,23791.35000000,23791.35000000
1660021560.0,23802.66000000,23782.56000000,23802.37000000
1660021620.0,23812.49000000,23796.52000000,23811.72000000
1660021680.0,23808.76000000,23797.95000000,23799.01000000
1660021740.0,23808.18000000,23794.15000000,23794.15000000
1660021800.0,23794.62000000,23783.18000000,23794.62000000
1660021860.0,23808.53000000,23791.76000000,23795.23000000
1660021920.0,23825.00000000,23799.91000000,23825.00000000
1660021980.0,23830.00000000,23789.87000000,23791.78000000
1660022040.0,23802.54000000,23781.68000000,23791.31000000
1660022100.0,23800.50000000,23777.08000000,23791.43000000
1660022160.0,23802.13000000,23788.50000000,23802.13000000
1660022220.0,23814.21000000,23796.23000000,23806.22000000
1660022280.0,23823.40000000,23802.00000000,23808.65000000
1660022340.0,23809.73000000,23802.00000000,23808.08000000
1660022400.0,23802.57000000,23799.98000000,23799.98000000
1660022460.0,23813.64000000,23805.27000000,23805.27000000
1660022520.0,23805.27000000,23805.27000000,23805.27000000
1660022580.0,23809.35000000,23805.27000000,23807.78000000
1660022640.0,23812.37000000,23795.80000000,23803.35000000
1660022700.0,23807.59000000,23797.44000000,23805.27000000
1660022760.0,23816.05000000,23804.52000000,23805.06000000
1660022820.0,23811.89000000,23807.06000000,23807.74000000
1660022880.0,23825.85000000,23811.70000000,23814.59000000
1660022940.0,23809.77000000,23801.97000000,23809.77000000
1660023000.0,23806.33000000,23799.82000000,23799.82000000
1660023060.0,23810.10000000,23797.91000000,23810.10000000
1660023120.0,23804.34000000,23804.34000000,23804.34000000
1660023180.0,23804.34000000,23804.34000000,23804.34000000
1660023240.0,23804.34000000,23804.34000000,23804.34000000
1660023300.0,23839.01000000,23829.20000000,23831.12000000
1660023360.0,23831.12000000,23831.12000000,23831.12000000
1660023420.0,23823.14000000,23823.14000000,23823.14000000
1660023480.0,23826.73000000,23823.96000000,23826.73000000
1660023540.0,23826.73000000,23826.73000000,23826.73000000
1660023600.0,23826.73000000,23826.73000000,23826.73000000
1660023660.0,23810.91000000,23808.90000000,23810.91000000
1660023720.0,23811.32000000,23811.32000000,23811.32000000
1660023780.0,23801.00000000,23787.38000000,23787.38000000
1660023840.0,23785.39000000,23714.05000000,23714.05000000
1660023900.0,23723.77000000,23672.00000000,23677.65000000
1660023960.0,23744.00000000,23744.00000000,23744.00000000
1660024020.0,23750.11000000,23731.57000000,23737.05000000
1660024080.0,23761.11000000,23725.02000000,23755.02000000
1660024140.0,23773.49000000,23762.00000000,23769.43000000
1660024200.0,23775.55000000,23761.80000000,23767.20000000
1660024260.0,23776.70000000,23768.37000000,23768.37000000
1660024320.0,23767.65000000,23754.46000000,23754.46000000
1660024380.0,23753.33000000,23753.33000000,23753.33000000
1660024440.0,23765.07000000,23758.19000000,23760.88000000
1660024500.0,23766.49000000,23761.64000000,23762.07000000
1660024560.0,23780.08000000,23764.72000000,23777.75000000
1660024620.0,23800.00000000,23788.48000000,23795.17000000
1660024680.0,23812.37000000,23801.01000000,23812.37000000
1660024740.0,23814.02000000,23808.84000000,23808.84000000
1660024800.0,23821.67000000,23813.25000000,23821.67000000
1660024860.0,23839.54000000,23824.48000000,23824.48000000
1660024920.0,23811.90000000,23811.90000000,23811.90000000
1660024980.0,23814.04000000,23812.52000000,23812.52000000
1660025040.0,23814.48000000,23810.26000000,23814.48000000
1660025100.0,23840.98000000,23822.08000000,23840.98000000
1660025160.0,23841.45000000,23837.97000000,23839.88000000
1660025220.0,23880.04000000,23848.70000000,23880.04000000
1660025280.0,23909.06000000,23868.47000000,23886.49000000
1660025340.0,23895.81000000,23872.70000000,23886.51000000
1660025400.0,23894.12000000,23892.01000000,23893.03000000
1660025460.0,23899.50000000,23899.18000000,23899.18000000
1660025520.0,23885.06000000,23878.70000000,23885.06000000
1660025580.0,23883.73000000,23875.95000000,23875.95000000
1660025640.0,23871.72000000,23871.72000000,23871.72000000
1660025700.0,23882.17000000,23882.17000000,23882.17000000
1660025760.0,23892.53000000,23889.79000000,23892.53000000
1660025820.0,23897.28000000,23892.39000000,23892.39000000
1660025880.0,23894.63000000,23892.08000000,23894.55000000
1660025940.0,23925.26000000,23892.63000000,23911.79000000
1660026000.0,23906.41000000,23890.68000000,23891.16000000
1660026060.0,23885.71000000,23883.44000000,23884.64000000
1660026120.0,23887.99000000,23806.86000000,23816.14000000
1660026180.0,23803.94000000,23763.45000000,23796.38000000
1660026240.0,23788.35000000,23775.21000000,23788.35000000
1660026300.0,23788.35000000,23766.63000000,23766.97000000
1660026360.0,23763.59000000,23763.59000000,23763.59000000
1660026420.0,23768.37000000,23764.97000000,23768.37000000
1660026480.0,23774.53000000,23766.13000000,23774.53000000
1660026540.0,23773.34000000,23773.34000000,23773.34000000
1660026600.0,23784.42000000,23777.11000000,23784.42000000
1660026660.0,23805.97000000,23793.34000000,23805.97000000
1660026720.0,23822.40000000,23813.64000000,23822.25000000
1660026780.0,23816.38000000,23816.38000000,23816.38000000
1660026840.0,23804.05000000,23795.00000000,23795.94000000
1660026900.0,23802.23000000,23794.74000000,23802.23000000
1660026960.0,23804.74000000,23799.36000000,23802.00000000
1660027020.0,23802.00000000,23794.12000000,23798.83000000
1660027080.0,23801.58000000,23793.87000000,23801.58000000
1660027140.0,23794.72000000,23781.99000000,23794.72000000
1660027200.0,23787.92000000,23772.42000000,23775.55000000
1660027260.0,23768.47000000,23761.66000000,23761.66000000
1660027320.0,23770.09000000,23758.95000000,23769.98000000
1660027380.0,23776.08000000,23763.97000000,23770.73000000
1660027440.0,23770.15000000,23767.43000000,23767.43000000
1660027500.0,23788.71000000,23767.65000000,23787.92000000
1660027560.0,23787.92000000,23787.92000000,23787.92000000
1660027620.0,23806.71000000,23792.29000000,23806.71000000
1660027680.0,23804.70000000,23793.50000000,23793.50000000
1660027740.0,23802.72000000,23795.66000000,23795.66000000
1660027800.0,23799.56000000,23791.85000000,23799.56000000
1660027860.0,23805.78000000,23786.27000000,23805.78000000
1660027920.0,23798.00000000,23780.08000000,23798.00000000
1660027980.0,23797.53000000,23782.07000000,23790.88000000
1660028040.0,23790.13000000,23783.44000000,23790.13000000
1660028100.0,23792.60000000,23780.92000000,23780.92000000
1660028160.0,23780.92000000,23780.92000000,23780.92000000
1660028220.0,23802.43000000,23792.78000000,23802.43000000
1660028280.0,23814.56000000,23811.56000000,23814.56000000
1660028340.0,23820.73000000,23808.17000000,23810.28000000
1660028400.0,23814.81000000,23804.79000000,23811.58000000
1660028460.0,23811.14000000,23808.46000000,23809.32000000
1660028520.0,23814.11000000,23799.86000000,23814.11000000
1660028580.0,23834.26000000,23817.91000000,23829.34000000
1660028640.0,23826.31000000,23817.93000000,23822.48000000
1660028700.0,23818.19000000,23814.92000000,23814.92000000
1660028760.0,23824.36000000,23814.19000000,23822.05000000
1660028820.0,23824.32000000,23806.85000000,23806.85000000
1660028880.0,23802.37000000,23796.50000000,23796.50000000
1660028940.0,23796.50000000,23796.50000000,23796.50000000
1660029000.0,23795.29000000,23777.54000000,23783.25000000
1660029060.0,23770.35000000,23740.96000000,23751.07000000
1660029120.0,23747.90000000,23733.33000000,23733.33000000
1660029180.0,23750.82000000,23743.64000000,23750.82000000
1660029240.0,23775.80000000,23758.78000000,23775.80000000
1660029300.0,23794.69000000,23782.71000000,23793.22000000
1660029360.0,23789.79000000,23789.00000000,23789.00000000
1660029420.0,23788.59000000,23783.97000000,23785.31000000
1660029480.0,23804.44000000,23787.54000000,23804.44000000
1660029540.0,23803.49000000,23801.94000000,23801.94000000
1660029600.0,23828.12000000,23828.12000000,23828.12000000
1660029660.0,23850.00000000,23821.38000000,23850.00000000
1660029720.0,23842.71000000,23835.35000000,23842.71000000
1660029780.0,23842.72000000,23832.58000000,23832.58000000
1660029840.0,23837.92000000,23817.54000000,23817.54000000
1660029900.0,23826.49000000,23811.11000000,23825.37000000
1660029960.0,23828.13000000,23817.27000000,23828.13000000
1660030020.0,23829.87000000,23824.58000000,23824.58000000
1660030080.0,23828.71000000,23826.33000000,23826.33000000
1660030140.0,23825.78000000,23811.94000000,23820.87000000
1660030200.0,23831.70000000,23822.25000000,23828.73000000
1660030260.0,23828.73000000,23824.72000000,23824.72000000
1660030320.0,23836.79000000,23831.04000000,23833.17000000
1660030380.0,23849.32000000,23833.17000000,23847.30000000
1660030440.0,23850.04000000,23848.60000000,23849.14000000
1660030500.0,23855.42000000,23848.08000000,23848.08000000
1660030560.0,23851.90000000,23841.26000000,23851.90000000
1660030620.0,23856.27000000,23848.23000000,23848.23000000
1660030680.0,23850.14000000,23840.23000000,23842.22000000
1660030740.0,23849.47000000,23834.66000000,23834.66000000
1660030800.0,23835.87000000,23818.84000000,23835.87000000
1660030860.0,23846.81000000,23843.29000000,23846.81000000
1660030920.0,23856.30000000,23842.80000000,23856.30000000
1660030980.0,23850.50000000,23845.12000000,23849.94000000
1660031040.0,23844.94000000,23840.68000000,23840.68000000
1660031100.0,23841.76000000,23835.29000000,23841.76000000
1660031160.0,23844.80000000,23839.98000000,23843.44000000
1660031220.0,23845.24000000,23832.57000000,23832.57000000
1660031280.0,23838.70000000,23819.96000000,23820.88000000
1660031340.0,23821.36000000,23820.06000000,23820.48000000
1660031400.0,23832.38000000,23820.75000000,23825.94000000
1660031460.0,23825.94000000,23825.94000000,23825.94000000
1660031520.0,23832.65000000,23828.03000000,23832.65000000
1660031580.0,23834.66000000,23830.45000000,23832.38000000
1660031640.0,23836.23000000,23835.95000000,23836.23000000
1660031700.0,23837.42000000,23837.07000000,23837.07000000
1660031760.0,23837.07000000,23837.07000000,23837.07000000
1660031820.0,23811.03000000,23811.03000000,23811.03000000
1660031880.0,23811.03000000,23811.03000000,23811.03000000
1660031940.0,23807.38000000,23785.00000000,23785.00000000
1660032000.0,23790.55000000,23786.32000000,23789.31000000
1660032060.0,23770.37000000,23762.26000000,23762.26000000
1660032120.0,23808.20000000,23789.31000000,23808.20000000
1660032180.0,23802.83000000,23797.32000000,23797.32000000
1660032240.0,23797.96000000,23779.24000000,23797.96000000
1660032300.0,23798.68000000,23792.41000000,23792.59000000
1660032360.0,23785.54000000,23778.84000000,23783.21000000
1660032420.0,23783.08000000,23779.47000000,23779.79000000
1660032480.0,23778.91000000,23765.00000000,23769.66000000
1660032540.0,23788.14000000,23768.58000000,23785.76000000
1660032600.0,23789.24000000,23778.54000000,23778.66000000
1660032660.0,23794.84000000,23777.36000000,23794.84000000
1660032720.0,23790.00000000,23781.95000000,23789.01000000
1660032780.0,23783.17000000,23771.83000000,23782.44000000
1660032840.0,23785.30000000,23773.53000000,23773.53000000
1660032900.0,23786.52000000,23771.71000000,23786.52000000
1660032960.0,23815.25000000,23782.34000000,23805.82000000
1660033020.0,23810.57000000,23791.46000000,23795.57000000
1660033080.0,23810.73000000,23794.68000000,23803.35000000
1660033140.0,23807.31000000,23792.42000000,23792.48000000
1660033200.0,23805.08000000,23780.01000000,23802.62000000
1660033260.0,23808.33000000,23787.40000000,23787.40000000
1660033320.0,23802.81000000,23787.24000000,23798.87000000
1660033380.0,23823.91000000,23805.64000000,23823.91000000
1660033440.0,23819.75000000,23802.25000000,23817.15000000
1660033500.0,23821.86000000,23800.67000000,23806.53000000
1660033560.0,23815.45000000,23802.59000000,23802.59000000
1660033620.0,23812.56000000,23803.23000000,23806.21000000
1660033680.0,23812.93000000,23807.29000000,23807.44000000
1660033740.0,23815.70000000,23803.99000000,23810.25000000
1660033800.0,23808.67000000,23804.20000000,23805.39000000
1660033860.0,23820.08000000,23798.00000000,23810.59000000
1660033920.0,23816.13000000,23795.24000000,23795.24000000
1660033980.0,23813.65000000,23796.39000000,23802.44000000
1660034040.0,23820.50000000,23813.40000000,23817.22000000
1660034100.0,23839.23000000,23816.55000000,23839.23000000
1660034160.0,23835.86000000,23819.17000000,23823.56000000
1660034220.0,23825.84000000,23819.38000000,23819.38000000
1660034280.0,23825.60000000,23813.77000000,23817.14000000
1660034340.0,23818.55000000,23797.76000000,23805.62000000
1660034400.0,23800.99000000,23793.65000000,23794.12000000
1660034460.0,23808.99000000,23792.98000000,23807.74000000
1660034520.0,23815.72000000,23783.23000000,23783.23000000
1660034580.0,23788.69000000,23775.47000000,23788.01000000
1660034640.0,23795.30000000,23784.02000000,23792.66000000
1660034700.0,23797.20000000,23772.90000000,23783.47000000
1660034760.0,23791.91000000,23750.08000000,23757.81000000
1660034820.0,23744.98000000,23714.05000000,23727.21000000
1660034880.0,23732.82000000,23722.39000000,23725.74000000
1660034940.0,23739.85000000,23734.92000000,23739.85000000
1660035000.0,23750.84000000,23734.11000000,23745.66000000
1660035060.0,23750.45000000,23739.46000000,23750.45000000
1660035120.0,23747.29000000,23738.45000000,23740.16000000
1660035180.0,23741.39000000,23729.00000000,23740.10000000
1660035240.0,23739.07000000,23726.24000000,23738.38000000
1660035300.0,23739.57000000,23724.37000000,23727.85000000
1660035360.0,23752.24000000,23722.45000000,23742.35000000
1660035420.0,23731.41000000,23721.64000000,23731.41000000
1660035480.0,23736.39000000,23727.56000000,23730.44000000
1660035540.0,23738.43000000,23730.78000000,23730.78000000
1660035600.0,23718.77000000,23712.31000000,23718.77000000
1660035660.0,23735.53000000,23715.74000000,23730.33000000
1660035720.0,23735.69000000,23725.50000000,23733.79000000
1660035780.0,23737.16000000,23728.44000000,23732.05000000
1660035840.0,23740.48000000,23731.64000000,23731.64000000
1660035900.0,23736.96000000,23732.00000000,23735.56000000
1660035960.0,23753.92000000,23729.93000000,23753.92000000
1660036020.0,23767.29000000,23746.09000000,23767.29000000
1660036080.0,23764.82000000,23729.77000000,23730.30000000
1660036140.0,23733.54000000,23700.00000000,23711.11000000
1660036200.0,23733.07000000,23678.23000000,23719.90000000
1660036260.0,23747.16000000,23736.24000000,23737.20000000
1660036320.0,23740.74000000,23713.64000000,23715.20000000
1660036380.0,23725.92000000,23704.53000000,23709.06000000
1660036440.0,23701.43000000,23675.26000000,23680.47000000
1660036500.0,23690.19000000,23637.18000000,23660.23000000
1660036560.0,23700.00000000,23627.58000000,23700.00000000
1660036620.0,23722.99000000,23703.46000000,23722.99000000
1660036680.0,23716.61000000,23702.53000000,23702.53000000
1660036740.0,23719.62000000,23703.90000000,23718.87000000
1660036800.0,23730.62000000,23705.97000000,23729.74000000
1660036860.0,23739.91000000,23727.19000000,23734.41000000
1660036920.0,23741.61000000,23732.03000000,23738.38000000
1660036980.0,23751.40000000,23735.98000000,23751.40000000
1660037040.0,23752.29000000,23748.26000000,23748.26000000
1660037100.0,23752.91000000,23741.83000000,23750.24000000
1660037160.0,23760.23000000,23749.44000000,23760.23000000
1660037220.0,23759.48000000,23751.60000000,23759.48000000
1660037280.0,23760.64000000,23760.64000000,23760.64000000
1660037340.0,23782.58000000,23764.94000000,23771.07000000
1660037400.0,23782.31000000,23770.82000000,23782.31000000
1660037460.0,23778.51000000,23769.98000000,23777.15000000
1660037520.0,23777.15000000,23777.15000000,23777.15000000
1660037580.0,23776.37000000,23773.77000000,23773.77000000
1660037640.0,23776.76000000,23762.76000000,23762.76000000
1660037700.0,23778.34000000,23775.40000000,23778.34000000
1660037760.0,23779.18000000,23778.51000000,23779.18000000
1660037820.0,23788.43000000,23779.25000000,23788.43000000
1660037880.0,23786.75000000,23782.98000000,23782.98000000
1660037940.0,23783.32000000,23779.18000000,23779.79000000
1660038000.0,23780.16000000,23775.16000000,23777.47000000
1660038060.0,23778.50000000,23775.00000000,23775.00000000
1660038120.0,23780.11000000,23779.56000000,23780.11000000
1660038180.0,23778.31000000,23778.31000000,23778.31000000
1660038240.0,23777.90000000,23777.25000000,23777.25000000
1660038300.0,23786.75000000,23782.52000000,23786.75000000
1660038360.0,23801.50000000,23788.48000000,23799.19000000
1660038420.0,23814.08000000,23805.36000000,23807.85000000
1660038480.0,23793.26000000,23793.26000000,23793.26000000
1660038540.0,23796.62000000,23793.26000000,23794.47000000
1660038600.0,23797.45000000,23790.00000000,23797.45000000
1660038660.0,23795.78000000,23794.01000000,23794.10000000
1660038720.0,23793.49000000,23790.33000000,23791.43000000
1660038780.0,23793.14000000,23790.06000000,23790.06000000
1660038840.0,23791.12000000,23788.63000000,23791.12000000
1660038900.0,23794.54000000,23787.16000000,23791.88000000
1660038960.0,23805.05000000,23791.90000000,23805.05000000
1660039020.0,23806.62000000,23806.62000000,23806.62000000
1660039080.0,23817.34000000,23805.29000000,23805.29000000
1660039140.0,23809.29000000,23805.47000000,23809.29000000
1660039200.0,23806.93000000,23804.50000000,23805.16000000
1660039260.0,23791.42000000,23787.07000000,23791.42000000
1660039320.0,23805.16000000,23798.01000000,23803.52000000
1660039380.0,23808.54000000,23803.50000000,23808.54000000
1660039440.0,23835.54000000,23816.63000000,23835.54000000
1660039500.0,23844.22000000,23829.99000000,23830.44000000
1660039560.0,23821.08000000,23815.14000000,23816.58000000
1660039620.0,23840.31000000,23813.60000000,23818.35000000
1660039680.0,23820.59000000,23813.87000000,23820.59000000
1660039740.0,23815.78000000,23815.76000000,23815.76000000
1660039800.0,23815.22000000,23812.96000000,23814.87000000
1660039860.0,23814.06000000,23808.99000000,23811.49000000
1660039920.0,23826.27000000,23810.17000000,23826.27000000
1660039980.0,23822.79000000,23812.18000000,23816.81000000
1660040040.0,23823.03000000,23818.45000000,23823.03000000
1660040100.0,23834.21000000,23822.50000000,23822.50000000
1660040160.0,23824.74000000,23819.02000000,23824.74000000
1660040220.0,23827.59000000,23824.54000000,23827.59000000
1660040280.0,23821.99000000,23809.86000000,23819.08000000
1660040340.0,23816.02000000,23814.19000000,23814.19000000
1660040400.0,23817.68000000,23815.77000000,23817.68000000
1660040460.0,23830.24000000,23817.00000000,23830.24000000
1660040520.0,23829.67000000,23818.00000000,23825.92000000
1660040580.0,23829.90000000,23824.76000000,23825.56000000
1660040640.0,23830.84000000,23829.93000000,23830.84000000
1660040700.0,23831.58000000,23830.41000000,23830.41000000
1660040760.0,23843.71000000,23836.99000000,23839.13000000
1660040820.0,23837.92000000,23837.92000000,23837.92000000
1660040880.0,23844.34000000,23839.92000000,23839.92000000
1660040940.0,23848.70000000,23843.45000000,23848.70000000
1660041000.0,23846.41000000,23841.75000000,23844.05000000
1660041060.0,23845.79000000,23844.97000000,23844.97000000
1660041120.0,23843.46000000,23842.27000000,23842.27000000
1660041180.0,23839.57000000,23833.35000000,23835.12000000
1660041240.0,23834.31000000,23833.46000000,23834.31000000
1660041300.0,23829.93000000,23817.25000000,23823.91000000
1660041360.0,23835.14000000,23827.77000000,23833.18000000
1660041420.0,23838.70000000,23821.66000000,23829.48000000
1660041480.0,23827.86000000,23817.57000000,23826.78000000
1660041540.0,23824.80000000,23824.80000000,23824.80000000
1660041600.0,23828.72000000,23819.62000000,23827.05000000
1660041660.0,23827.77000000,23827.08000000,23827.21000000
1660041720.0,23839.59000000,23828.58000000,23839.59000000
1660041780.0,23842.34000000,23837.32000000,23837.32000000
1660041840.0,23837.22000000,23835.35000000,23835.35000000
1660041900.0,23832.76000000,23832.76000000,23832.76000000
1660041960.0,23832.76000000,23832.76000000,23832.76000000
1660042020.0,23822.44000000,23820.27000000,23820.27000000
1660042080.0,23825.62000000,23824.09000000,23824.09000000
1660042140.0,23826.76000000,23824.30000000,23824.62000000
1660042200.0,23825.66000000,23820.87000000,23820.87000000
1660042260.0,23817.57000000,23808.63000000,23813.72000000
1660042320.0,23810.91000000,23807.06000000,23810.91000000
1660042380.0,23829.30000000,23815.16000000,23826.05000000
1660042440.0,23824.81000000,23822.59000000,23822.59000000
1660042500.0,23811.84000000,23807.11000000,23807.84000000
1660042560.0,23842.00000000,23821.21000000,23831.16000000
1660042620.0,23840.60000000,23830.65000000,23830.65000000
1660042680.0,23831.03000000,23829.29000000,23831.03000000
1660042740.0,23830.94000000,23830.94000000,23830.94000000
1660042800.0,23840.51000000,23827.73000000,23840.51000000
1660042860.0,23839.48000000,23828.37000000,23828.37000000
1660042920.0,23824.37000000,23824.27000000,23824.37000000
1660042980.0,23829.00000000,23819.57000000,23829.00000000
1660043040.0,23836.48000000,23832.19000000,23836.48000000
1660043100.0,23840.42000000,23835.98000000,23835.98000000
1660043160.0,23857.80000000,23840.63000000,23852.80000000
1660043220.0,23862.40000000,23850.42000000,23862.40000000
1660043280.0,23868.68000000,23858.19000000,23859.20000000
1660043340.0,23855.67000000,23853.40000000,23855.67000000
1660043400.0,23860.26000000,23847.99000000,23847.99000000
1660043460.0,23852.79000000,23836.32000000,23840.58000000
1660043520.0,23853.04000000,23843.54000000,23843.54000000
1660043580.0,23855.63000000,23841.53000000,23855.63000000
1660043640.0,23843.02000000,23827.14000000,23827.14000000
1660043700.0,23833.20000000,23829.80000000,23832.20000000
1660043760.0,23840.42000000,23826.56000000,23826.56000000
1660043820.0,23835.66000000,23833.46000000,23835.66000000
1660043880.0,23837.68000000,23830.63000000,23831.22000000
1660043940.0,23834.05000000,23817.54000000,23817.54000000
1660044000.0,23841.42000000,23828.18000000,23830.74000000
1660044060.0,23835.47000000,23817.58000000,23835.47000000
1660044120.0,23838.13000000,23834.53000000,23835.86000000
1660044180.0,23830.39000000,23823.38000000,23824.55000000
1660044240.0,23823.85000000,23820.60000000,23823.67000000
1660044300.0,23816.27000000,23800.91000000,23807.50000000
1660044360.0,23811.74000000,23804.63000000,23804.63000000
1660044420.0,23811.97000000,23811.22000000,23811.97000000
1660044480.0,23822.84000000,23811.22000000,23822.84000000
1660044540.0,23820.69000000,23815.74000000,23820.69000000
1660044600.0,23822.29000000,23817.62000000,23822.29000000
1660044660.0,23822.29000000,23822.29000000,23822.29000000
1660044720.0,23810.37000000,23807.22000000,23809.65000000
1660044780.0,23811.37000000,23811.37000000,23811.37000000
1660044840.0,23818.89000000,23811.36000000,23811.36000000
1660044900.0,23825.94000000,23807.41000000,23819.79000000
1660044960.0,23835.02000000,23823.10000000,23823.10000000
1660045020.0,23843.02000000,23830.42000000,23838.88000000
1660045080.0,23844.98000000,23844.98000000,23844.98000000
1660045140.0,23850.00000000,23844.46000000,23849.38000000
1660045200.0,23852.22000000,23848.28000000,23852.22000000
1660045260.0,23853.19000000,23838.82000000,23848.29000000
1660045320.0,23849.24000000,23835.17000000,23849.24000000
1660045380.0,23846.37000000,23846.37000000,23846.37000000
1660045440.0,23855.63000000,23846.99000000,23855.63000000
1660045500.0,23878.48000000,23853.65000000,23878.48000000
1660045560.0,23871.67000000,23865.60000000,23865.60000000
1660045620.0,23880.04000000,23860.26000000,23876.19000000
1660045680.0,23874.95000000,23870.22000000,23872.49000000
1660045740.0,23874.58000000,23865.13000000,23874.57000000
1660045800.0,23875.79000000,23862.75000000,23865.07000000
1660045860.0,23865.99000000,23865.99000000,23865.99000000
1660045920.0,23879.88000000,23865.31000000,23879.88000000
1660045980.0,23890.86000000,23879.88000000,23880.13000000
1660046040.0,23886.50000000,23873.46000000,23873.97000000
1660046100.0,23884.79000000,23875.34000000,23879.66000000
1660046160.0,23887.20000000,23880.79000000,23887.20000000
1660046220.0,23889.69000000,23887.29000000,23887.30000000
1660046280.0,23896.52000000,23890.86000000,23895.85000000
1660046340.0,23897.14000000,23881.40000000,23881.40000000
1660046400.0,23895.47000000,23884.49000000,23884.49000000
1660046460.0,23889.77000000,23881.55000000,23887.08000000
1660046520.0,23889.02000000,23884.32000000,23889.02000000
1660046580.0,23893.12000000,23885.92000000,23893.12000000
1660046640.0,23899.28000000,23885.58000000,23885.58000000
1660046700.0,23879.35000000,23856.70000000,23870.08000000
1660046760.0,23888.54000000,23871.29000000,23886.30000000
1660046820.0,23883.48000000,23870.53000000,23870.53000000
1660046880.0,23863.85000000,23861.37000000,23863.02000000
1660046940.0,23874.11000000,23861.72000000,23874.11000000
1660047000.0,23864.19000000,23864.19000000,23864.19000000
1660047060.0,23870.72000000,23867.80000000,23868.68000000
1660047120.0,23877.77000000,23868.60000000,23868.82000000
1660047180.0,23868.82000000,23868.82000000,23868.82000000
1660047240.0,23875.01000000,23868.82000000,23869.52000000
1660047300.0,23874.14000000,23862.97000000,23865.87000000
1660047360.0,23883.18000000,23867.82000000,23882.17000000
1660047420.0,23888.54000000,23878.23000000,23888.54000000
1660047480.0,23887.33000000,23885.65000000,23885.65000000
1660047540.0,23886.25000000,23883.50000000,23884.60000000
1660047600.0,23882.50000000,23874.76000000,23880.31000000
1660047660.0,23878.01000000,23878.01000000,23878.01000000
1660047720.0,23879.71000000,23879.71000000,23879.71000000
1660047780.0,23888.18000000,23883.00000000,23888.18000000
1660047840.0,23885.73000000,23874.76000000,23876.06000000
1660047900.0,23871.40000000,23869.55000000,23871.40000000
1660047960.0,23875.00000000,23870.36000000,23870.36000000
1660048020.0,23878.78000000,23874.51000000,23878.78000000
1660048080.0,23879.30000000,23869.35000000,23869.35000000
1660048140.0,23870.04000000,23866.16000000,23869.09000000
1660048200.0,23868.67000000,23858.21000000,23863.07000000
1660048260.0,23877.20000000,23864.15000000,23877.20000000
1660048320.0,23894.18000000,23875.58000000,23889.57000000
1660048380.0,23891.31000000,23887.53000000,23890.48000000
1660048440.0,23890.83000000,23884.55000000,23890.83000000
1660048500.0,23893.16000000,23891.30000000,23891.30000000
1660048560.0,23921.09000000,23893.16000000,23902.30000000
1660048620.0,23909.81000000,23899.55000000,23907.69000000
1660048680.0,23903.00000000,23894.74000000,23894.74000000
1660048740.0,23901.19000000,23876.36000000,23876.36000000
1660048800.0,23889.35000000,23881.63000000,23883.52000000
1660048860.0,23894.06000000,23892.33000000,23894.06000000
1660048920.0,23897.10000000,23887.69000000,23897.10000000
1660048980.0,23897.89000000,23881.79000000,23885.07000000
1660049040.0,23885.95000000,23884.60000000,23885.95000000
1660049100.0,23882.10000000,23876.27000000,23876.27000000
1660049160.0,23878.51000000,23875.11000000,23876.98000000
1660049220.0,23877.70000000,23877.70000000,23877.70000000
1660049280.0,23895.84000000,23877.43000000,23887.32000000
1660049340.0,23886.70000000,23884.79000000,23884.79000000
1660049400.0,23892.72000000,23886.64000000,23886.64000000
1660049460.0,23884.00000000,23878.30000000,23884.00000000
1660049520.0,23887.83000000,23887.33000000,23887.83000000
1660049580.0,23887.99000000,23887.99000000,23887.99000000
1660049640.0,23896.52000000,23886.43000000,23896.52000000
1660049700.0,23889.85000000,23885.04000000,23889.30000000
1660049760.0,23884.10000000,23884.10000000,23884.10000000
1660049820.0,23888.10000000,23885.96000000,23885.96000000
1660049880.0,23883.18000000,23868.06000000,23868.66000000
1660049940.0,23872.68000000,23866.58000000,23869.96000000
1660050000.0,23878.49000000,23857.67000000,23857.98000000
1660050060.0,23850.81000000,23822.07000000,23828.37000000
1660050120.0,23829.41000000,23797.24000000,23802.35000000
1660050180.0,23794.11000000,23770.17000000,23794.06000000
1660050240.0,23796.38000000,23784.61000000,23786.56000000
1660050300.0,23786.56000000,23786.56000000,23786.56000000
1660050360.0,23793.92000000,23792.11000000,23793.49000000
1660050420.0,23802.53000000,23798.24000000,23801.46000000
1660050480.0,23816.76000000,23809.25000000,23813.75000000
1660050540.0,23815.43000000,23810.12000000,23815.43000000
1660050600.0,23822.70000000,23820.66000000,23821.06000000
1660050660.0,23803.73000000,23794.25000000,23801.44000000
1660050720.0,23798.68000000,23788.33000000,23798.68000000
1660050780.0,23808.25000000,23797.83000000,23797.83000000
1660050840.0,23804.93000000,23797.76000000,23804.93000000
1660050900.0,23822.25000000,23799.56000000,23822.25000000
1660050960.0,23824.44000000,23811.90000000,23811.90000000
1660051020.0,23799.98000000,23798.73000000,23798.73000000
1660051080.0,23795.81000000,23789.25000000,23789.25000000
1660051140.0,23791.08000000,23780.63000000,23787.98000000
1660051200.0,23792.27000000,23782.08000000,23792.27000000
1660051260.0,23781.14000000,23777.42000000,23777.51000000
1660051320.0,23768.71000000,23757.26000000,23764.91000000
1660051380.0,23784.18000000,23768.31000000,23784.18000000
1660051440.0,23790.26000000,23776.59000000,23777.86000000
1660051500.0,23779.99000000,23770.36000000,23779.99000000
1660051560.0,23782.75000000,23780.87000000,23780.87000000
1660051620.0,23783.94000000,23773.83000000,23783.94000000
1660051680.0,23787.58000000,23777.22000000,23777.87000000
1660051740.0,23787.98000000,23765.20000000,23778.87000000
1660051800.0,23777.69000000,23769.57000000,23772.69000000
1660051860.0,23807.89000000,23793.33000000,23796.32000000
1660051920.0,23810.88000000,23796.92000000,23802.71000000
1660051980.0,23812.03000000,23809.47000000,23812.03000000
1660052040.0,23802.42000000,23797.65000000,23802.15000000
1660052100.0,23813.68000000,23804.91000000,23809.64000000
1660052160.0,23808.55000000,23777.24000000,23797.09000000
1660052220.0,23799.65000000,23794.76000000,23795.19000000
1660052280.0,23807.29000000,23800.63000000,23802.63000000
1660052340.0,23803.47000000,23800.75000000,23803.47000000
1660052400.0,23802.23000000,23802.23000000,23802.23000000
1660052460.0,23808.34000000,23801.46000000,23805.22000000
1660052520.0,23808.00000000,23804.99000000,23804.99000000
1660052580.0,23817.31000000,23805.50000000,23806.89000000
1660052640.0,23808.76000000,23808.05000000,23808.05000000
1660052700.0,23802.57000000,23788.72000000,23788.72000000
1660052760.0,23802.20000000,23793.55000000,23798.34000000
1660052820.0,23800.24000000,23797.60000000,23800.24000000
1660052880.0,23798.13000000,23786.42000000,23786.59000000
1660052940.0,23788.67000000,23788.66000000,23788.67000000
1660053000.0,23790.23000000,23780.05000000,23780.05000000
1660053060.0,23780.05000000,23780.05000000,23780.05000000
1660053120.0,23780.05000000,23780.05000000,23780.05000000
1660053180.0,23799.12000000,23793.04000000,23799.12000000
1660053240.0,23814.30000000,23796.55000000,23804.83000000
1660053300.0,23821.76000000,23805.29000000,23819.72000000
1660053360.0,23847.50000000,23823.72000000,23847.50000000
1660053420.0,23844.03000000,23832.71000000,23832.71000000
1660053480.0,23845.21000000,23829.42000000,23843.13000000
1660053540.0,23855.00000000,23837.44000000,23848.91000000
1660053600.0,23847.00000000,23845.04000000,23847.00000000
1660053660.0,23853.75000000,23844.69000000,23847.70000000
1660053720.0,23847.64000000,23833.20000000,23847.64000000
1660053780.0,23840.03000000,23829.57000000,23829.57000000
1660053840.0,23838.41000000,23824.54000000,23824.54000000
1660053900.0,23849.96000000,23821.15000000,23847.33000000
1660053960.0,23882.70000000,23859.72000000,23882.70000000
1660054020.0,23891.74000000,23875.32000000,23891.74000000
1660054080.0,23896.52000000,23890.30000000,23893.08000000
1660054140.0,23889.38000000,23878.91000000,23881.25000000
1660054200.0,23894.83000000,23883.46000000,23893.57000000
1660054260.0,23895.51000000,23887.43000000,23890.60000000
1660054320.0,23889.55000000,23880.04000000,23885.59000000
1660054380.0,23885.59000000,23869.89000000,23871.69000000
1660054440.0,23873.59000000,23872.35000000,23873.01000000
1660054500.0,23875.20000000,23858.25000000,23875.20000000
1660054560.0,23887.68000000,23879.73000000,23887.68000000
1660054620.0,23897.19000000,23886.35000000,23897.19000000
1660054680.0,23908.24000000,23891.52000000,23891.52000000
1660054740.0,23888.72000000,23878.97000000,23879.69000000
1660054800.0,23879.90000000,23875.75000000,23879.90000000
1660054860.0,23876.05000000,23851.25000000,23857.68000000
1660054920.0,23854.95000000,23839.97000000,23848.13000000
1660054980.0,23843.85000000,23826.92000000,23835.97000000
1660055040.0,23845.45000000,23836.35000000,23843.67000000
1660055100.0,23843.10000000,23828.94000000,23831.03000000
1660055160.0,23830.21000000,23815.67000000,23828.77000000
1660055220.0,23830.79000000,23822.53000000,23822.53000000
1660055280.0,23827.06000000,23821.29000000,23821.29000000
1660055340.0,23833.12000000,23828.21000000,23833.12000000
1660055400.0,23839.06000000,23831.00000000,23839.06000000
1660055460.0,23839.80000000,23828.52000000,23835.92000000
1660055520.0,23842.20000000,23833.74000000,23840.39000000
1660055580.0,23848.41000000,23839.49000000,23848.41000000
1660055640.0,23859.90000000,23847.68000000,23847.68000000
1660055700.0,23853.07000000,23852.26000000,23852.27000000
1660055760.0,23850.45000000,23839.12000000,23839.12000000
1660055820.0,23837.02000000,23828.08000000,23837.02000000
1660055880.0,23839.33000000,23834.47000000,23839.33000000
1660055940.0,23848.32000000,23840.47000000,23847.31000000
1660056000.0,23855.65000000,23848.80000000,23855.65000000
1660056060.0,23855.65000000,23841.33000000,23847.85000000
1660056120.0,23849.66000000,23840.96000000,23840.96000000
1660056180.0,23853.40000000,23842.23000000,23853.40000000
1660056240.0,23861.07000000,23849.72000000,23853.84000000
1660056300.0,23846.45000000,23835.95000000,23844.72000000
1660056360.0,23859.28000000,23848.69000000,23856.54000000
1660056420.0,23863.81000000,23853.08000000,23855.98000000
1660056480.0,23859.30000000,23854.83000000,23859.30000000
1660056540.0,23859.30000000,23850.66000000,23850.66000000
1660056600.0,23856.02000000,23835.80000000,23854.82000000
1660056660.0,23839.69000000,23839.69000000,23839.69000000
1660056720.0,23840.04000000,23823.15000000,23823.15000000
1660056780.0,23836.73000000,23824.42000000,23836.73000000
1660056840.0,23830.50000000,23826.93000000,23830.50000000
1660056900.0,23840.50000000,23828.63000000,23831.27000000
1660056960.0,23839.21000000,23838.05000000,23839.21000000
1660057020.0,23860.47000000,23843.80000000,23853.96000000
1660057080.0,23851.60000000,23845.45000000,23845.98000000
1660057140.0,23872.86000000,23849.45000000,23870.42000000
1660057200.0,23889.15000000,23868.67000000,23872.51000000
1660057260.0,23878.12000000,23873.14000000,23875.74000000
1660057320.0,23874.57000000,23868.20000000,23874.21000000
1660057380.0,23874.57000000,23861.55000000,23873.69000000
1660057440.0,23868.20000000,23867.35000000,23867.35000000
1660057500.0,23878.68000000,23860.16000000,23869.92000000
1660057560.0,23870.51000000,23862.01000000,23862.02000000
1660057620.0,23863.86000000,23857.20000000,23857.20000000
1660057680.0,23857.65000000,23853.86000000,23853.86000000
1660057740.0,23858.57000000,23846.21000000,23856.54000000
1660057800.0,23862.99000000,23854.34000000,23861.66000000
1660057860.0,23866.40000000,23843.37000000,23849.75000000
1660057920.0,23846.19000000,23807.65000000,23809.32000000
1660057980.0,23828.23000000,23799.86000000,23801.06000000
1660058040.0,23824.72000000,23814.53000000,23824.72000000
1660058100.0,23823.31000000,23806.67000000,23811.05000000
1660058160.0,23815.96000000,23811.54000000,23811.54000000
1660058220.0,23811.87000000,23796.65000000,23796.65000000
1660058280.0,23810.79000000,23805.11000000,23808.40000000
1660058340.0,23814.74000000,23809.82000000,23809.87000000
1660058400.0,23823.50000000,23812.50000000,23820.65000000
1660058460.0,23821.46000000,23816.45000000,23817.56000000
1660058520.0,23827.06000000,23815.39000000,23815.39000000
1660058580.0,23836.34000000,23817.29000000,23826.49000000
1660058640.0,23835.41000000,23831.39000000,23833.28000000
1660058700.0,23833.28000000,23824.02000000,23826.66000000
1660058760.0,23823.32000000,23815.08000000,23820.28000000
1660058820.0,23816.90000000,23816.40000000,23816.40000000
1660058880.0,23829.37000000,23815.97000000,23823.21000000
1660058940.0,23832.22000000,23821.99000000,23832.22000000
1660059000.0,23831.85000000,23823.07000000,23827.50000000
1660059060.0,23837.39000000,23830.46000000,23831.18000000
1660059120.0,23845.21000000,23832.92000000,23844.39000000
1660059180.0,23842.81000000,23839.73000000,23839.73000000
1660059240.0,23839.74000000,23831.48000000,23836.44000000
1660059300.0,23844.42000000,23836.56000000,23836.56000000
1660059360.0,23825.20000000,23823.06000000,23823.06000000
1660059420.0,23832.74000000,23828.68000000,23829.67000000
1660059480.0,23839.86000000,23831.55000000,23839.86000000
1660059540.0,23844.51000000,23829.72000000,23840.26000000
1660059600.0,23843.82000000,23831.98000000,23838.68000000
1660059660.0,23835.05000000,23821.47000000,23826.42000000
1660059720.0,23824.92000000,23821.00000000,23823.42000000
1660059780.0,23823.30000000,23812.46000000,23812.46000000
1660059840.0,23814.61000000,23800.34000000,23813.56000000
1660059900.0,23809.31000000,23804.88000000,23805.55000000
1660059960.0,23803.29000000,23792.79000000,23803.29000000
1660060020.0,23808.12000000,23795.40000000,23795.40000000
1660060080.0,23799.41000000,23794.39000000,23794.39000000
1660060140.0,23803.01000000,23795.36000000,23802.49000000
1660060200.0,23801.13000000,23799.94000000,23799.94000000
1660060260.0,23814.63000000,23805.42000000,23814.63000000
1660060320.0,23817.08000000,23807.94000000,23814.01000000
1660060380.0,23821.66000000,23816.80000000,23818.70000000
1660060440.0,23812.77000000,23803.96000000,23803.96000000
1660060500.0,23794.57000000,23767.98000000,23774.17000000
1660060560.0,23785.91000000,23779.93000000,23785.91000000
1660060620.0,23792.81000000,23779.28000000,23789.14000000
1660060680.0,23789.30000000,23779.04000000,23779.04000000
1660060740.0,23778.70000000,23778.26000000,23778.26000000
1660060800.0,23776.00000000,23763.45000000,23763.45000000
1660060860.0,23779.01000000,23761.16000000,23779.01000000
1660060920.0,23792.93000000,23779.89000000,23792.93000000
1660060980.0,23794.33000000,23781.76000000,23791.42000000
1660061040.0,23805.95000000,23795.75000000,23803.36000000
1660061100.0,23809.88000000,23795.64000000,23809.88000000
1660061160.0,23808.00000000,23804.77000000,23808.00000000
1660061220.0,23809.74000000,23807.65000000,23809.74000000
1660061280.0,23814.43000000,23808.73000000,23814.43000000
1660061340.0,23813.50000000,23809.80000000,23811.67000000
1660061400.0,23817.02000000,23814.32000000,23814.32000000
1660061460.0,23822.25000000,23814.22000000,23814.22000000
1660061520.0,23813.22000000,23811.80000000,23813.22000000
1660061580.0,23806.60000000,23793.65000000,23793.65000000
1660061640.0,23809.25000000,23798.18000000,23809.25000000
1660061700.0,23817.79000000,23808.41000000,23810.79000000
1660061760.0,23810.79000000,23810.79000000,23810.79000000
1660061820.0,23824.09000000,23807.37000000,23807.37000000
1660061880.0,23801.98000000,23784.29000000,23784.95000000
1660061940.0,23781.43000000,23781.43000000,23781.43000000
1660062000.0,23779.51000000,23750.00000000,23753.65000000
1660062060.0,23762.30000000,23750.34000000,23757.98000000
1660062120.0,23754.57000000,23733.33000000,23735.81000000
1660062180.0,23738.03000000,23718.73000000,23718.73000000
1660062240.0,23718.73000000,23718.73000000,23718.73000000
